{
  "main": {
    "id": "3e500cca6390e41e",
    "type": "split",
    "children": [
      {
        "id": "3b2a43b1d45b7f9f",
        "type": "tabs",
        "children": [
          {
            "id": "216b34ae94603357",
            "type": "leaf",
            "state": {
              "type": "markdown",
              "state": {
                "file": "2025-05/2025-05-24.md",
                "mode": "source",
                "source": false
              },
              "icon": "lucide-file",
              "title": "2025-05-24"
            }
          }
        ]
      }
    ],
    "direction": "vertical"
  },
  "left": {
    "id": "b144f87b30533c30",
    "type": "split",
    "children": [
      {
        "id": "98bbd23eac6d6753",
        "type": "tabs",
        "children": [
          {
            "id": "da0dbca69e882656",
            "type": "leaf",
            "state": {
              "type": "file-explorer",
              "state": {
                "sortOrder": "alphabetical",
                "autoReveal": false
              },
              "icon": "lucide-folder-closed",
              "title": "文件列表"
            }
          },
          {
            "id": "fca670cff4134d9a",
            "type": "leaf",
            "state": {
              "type": "search",
              "state": {
                "query": "repol",
                "matchingCase": false,
                "explainSearch": false,
                "collapseAll": false,
                "extraContext": false,
                "sortOrder": "alphabetical"
              },
              "icon": "lucide-search",
              "title": "搜索"
            }
          },
          {
            "id": "0ab3b46e60403849",
            "type": "leaf",
            "state": {
              "type": "bookmarks",
              "state": {},
              "icon": "lucide-bookmark",
              "title": "书签"
            }
          }
        ]
      }
    ],
    "direction": "horizontal",
    "width": 200
  },
  "right": {
    "id": "4bddc7c41c8b5f3e",
    "type": "split",
    "children": [
      {
        "id": "2a9125cf06be6f13",
        "type": "tabs",
        "children": [
          {
            "id": "20ecbf25fdb90d71",
            "type": "leaf",
            "state": {
              "type": "backlink",
              "state": {
                "file": "全栈聊天/12多服务验证码派发功能.md",
                "collapseAll": false,
                "extraContext": false,
                "sortOrder": "alphabetical",
                "showSearch": false,
                "searchQuery": "",
                "backlinkCollapsed": false,
                "unlinkedCollapsed": true
              },
              "icon": "links-coming-in",
              "title": "12多服务验证码派发功能 的反向链接列表"
            }
          },
          {
            "id": "df18fc2e10b9f908",
            "type": "leaf",
            "state": {
              "type": "outgoing-link",
              "state": {
                "file": "全栈聊天/12多服务验证码派发功能.md",
                "linksCollapsed": false,
                "unlinkedCollapsed": true
              },
              "icon": "links-going-out",
              "title": "12多服务验证码派发功能 的出链列表"
            }
          },
          {
            "id": "4c00e8ef0f32bcd2",
            "type": "leaf",
            "state": {
              "type": "tag",
              "state": {
                "sortOrder": "frequency",
                "useHierarchy": true,
                "showSearch": false,
                "searchQuery": ""
              },
              "icon": "lucide-tags",
              "title": "Tags"
            }
          },
          {
            "id": "2b4be476998a3000",
            "type": "leaf",
            "state": {
              "type": "outline",
              "state": {
                "file": "2025-03-03.md",
                "followCursor": false,
                "showSearch": false,
                "searchQuery": ""
              },
              "icon": "lucide-list",
              "title": "Outline of 2025-03-03"
            }
          }
        ]
      }
    ],
    "direction": "horizontal",
    "width": 300,
    "collapsed": true
  },
  "left-ribbon": {
    "hiddenItems": {
      "switcher:打开快速切换": false,
      "graph:查看关系图谱": false,
      "canvas:新建白板": false,
      "daily-notes:打开/创建今天的日记": false,
      "templates:插入模板": false,
      "command-palette:打开命令面板": false
    }
  },
  "active": "216b34ae94603357",
  "lastOpenFiles": [
    "全栈聊天/13配置mysql.md",
    "全栈聊天/14注册界面完善.md",
    "2025-05/2025-05-24.md",
    "全栈聊天/15重置密码功能.md",
    "2025-05/2025-05-20.md",
    "2025-05/2025-05-23.md",
    "2025-05/2025-05-08.md",
    "2025-04/2025-04-26.md",
    "cpp网络编程/9字节序处理和发送队列控制.md",
    "cpp网络编程/18利用asio协程调度实现并发服务器.md",
    "计划？.md",
    "驿站系统后期日志.md",
    "全栈聊天/1架构概述及界面.md",
    "全栈聊天/2qss及内存泄漏.md",
    "全栈聊天/12多服务验证码派发功能.md",
    "全栈聊天/11封装redis操作类.md",
    "2025-05/2025-05-05.md",
    "全栈聊天/3http管理类.md",
    "全栈聊天/5beast实现http get请求处理.md",
    "全栈聊天/9nodejs实现邮箱验证服务.md",
    "全栈聊天/7windows配置和编译grpc.md",
    "全栈聊天/10redis配置和使用.md",
    "全栈聊天/6beast实现post请求.md",
    "cpp网络编程/12asio粘包处理简易方式.md",
    "cpp网络编程/15服务器优雅退出.md",
    "cpp网络编程/14单例设计逻辑类.md",
    "Untitled.canvas",
    "Pasted image 20250518124910.png",
    "Pasted image 20250518124859.png",
    "Pasted image 20250515215545.png",
    "全栈聊天/未命名",
    "qt",
    "全栈聊天",
    "cpp网络编程",
    "2025-05",
    "Pasted image 20250424205521.png",
    "2025-04",
    "2025-03"
  ]
}