{
  "main": {
    "id": "eb3a4b4772bca57c",
    "type": "split",
    "children": [
      {
        "id": "29ee5236b41ddc4a",
        "type": "tabs",
        "children": [
          {
            "id": "e1a434147442ebfc",
            "type": "leaf",
            "state": {
              "type": "markdown",
              "state": {
                "file": "Obsidian Vault/cpp网络编程/18利用asio协程调度实现并发服务器.md",
                "mode": "source",
                "source": false
              },
              "icon": "lucide-file",
              "title": "18利用asio协程调度实现并发服务器"
            }
          }
        ]
      }
    ],
    "direction": "vertical"
  },
  "left": {
    "id": "053e390aaec1ee5d",
    "type": "split",
    "children": [
      {
        "id": "466d791e1d42daa9",
        "type": "tabs",
        "children": [
          {
            "id": "c094f8a61618589c",
            "type": "leaf",
            "state": {
              "type": "file-explorer",
              "state": {
                "sortOrder": "alphabetical",
                "autoReveal": false
              },
              "icon": "lucide-folder-closed",
              "title": "文件列表"
            }
          },
          {
            "id": "763733d719847cba",
            "type": "leaf",
            "state": {
              "type": "search",
              "state": {
                "query": "",
                "matchingCase": false,
                "explainSearch": false,
                "collapseAll": false,
                "extraContext": false,
                "sortOrder": "alphabetical"
              },
              "icon": "lucide-search",
              "title": "搜索"
            }
          },
          {
            "id": "8a6a063434e65a50",
            "type": "leaf",
            "state": {
              "type": "bookmarks",
              "state": {},
              "icon": "lucide-bookmark",
              "title": "书签"
            }
          }
        ]
      }
    ],
    "direction": "horizontal",
    "width": 300
  },
  "right": {
    "id": "218a3523cda22828",
    "type": "split",
    "children": [
      {
        "id": "8f75a32d7909a1a5",
        "type": "tabs",
        "children": [
          {
            "id": "8b65b5dfcd5041db",
            "type": "leaf",
            "state": {
              "type": "backlink",
              "state": {
                "file": "Obsidian Vault/全栈聊天/5beast实现http get请求处理.md",
                "collapseAll": false,
                "extraContext": false,
                "sortOrder": "alphabetical",
                "showSearch": false,
                "searchQuery": "",
                "backlinkCollapsed": false,
                "unlinkedCollapsed": true
              },
              "icon": "links-coming-in",
              "title": "5beast实现http get请求处理 的反向链接列表"
            }
          },
          {
            "id": "6c3613e6cb6a393a",
            "type": "leaf",
            "state": {
              "type": "outgoing-link",
              "state": {
                "file": "Obsidian Vault/全栈聊天/5beast实现http get请求处理.md",
                "linksCollapsed": false,
                "unlinkedCollapsed": true
              },
              "icon": "links-going-out",
              "title": "5beast实现http get请求处理 的出链列表"
            }
          },
          {
            "id": "19f75c4fec2f7759",
            "type": "leaf",
            "state": {
              "type": "tag",
              "state": {
                "sortOrder": "frequency",
                "useHierarchy": true,
                "showSearch": false,
                "searchQuery": ""
              },
              "icon": "lucide-tags",
              "title": "标签"
            }
          },
          {
            "id": "0c8fe85a14cfa58b",
            "type": "leaf",
            "state": {
              "type": "outline",
              "state": {
                "file": "Obsidian Vault/全栈聊天/5beast实现http get请求处理.md",
                "followCursor": false,
                "showSearch": false,
                "searchQuery": ""
              },
              "icon": "lucide-list",
              "title": "5beast实现http get请求处理 的大纲"
            }
          }
        ]
      }
    ],
    "direction": "horizontal",
    "width": 300,
    "collapsed": true
  },
  "left-ribbon": {
    "hiddenItems": {
      "switcher:打开快速切换": false,
      "graph:查看关系图谱": false,
      "canvas:新建白板": false,
      "daily-notes:打开/创建今天的日记": false,
      "templates:插入模板": false,
      "command-palette:打开命令面板": false
    }
  },
  "active": "e1a434147442ebfc",
  "lastOpenFiles": [
    "Obsidian Vault/cpp网络编程/16asio多线程模型ioserviceopool.md",
    "Obsidian Vault/全栈聊天/19asio实现tcp服务器.md",
    "Obsidian Vault/Pasted image 20250518124859.png",
    "Obsidian Vault/Pasted image 20250515215545.png",
    "Pasted image 20250724175411.png",
    "Pasted image 20250724173905.png",
    "Obsidian Vault/cpp网络编程/18利用asio协程调度实现并发服务器.md",
    "Pasted image 20250724173745.png",
    "Obsidian Vault/全栈聊天/18qt封装tcp管理类.md",
    "Pasted image 20250723220953.png",
    "Pasted image 20250723213230.png",
    "Obsidian Vault/全栈聊天/16登录验证和状态服务(status重要.md",
    "Obsidian Vault/cpp网络编程/13逻辑层架构概述.md",
    "Obsidian Vault/cpp网络编程/14单例设计逻辑类.md",
    "Obsidian Vault/cpp网络编程/15服务器优雅退出.md",
    "Obsidian Vault/cpp网络编程/2buffer及同步读写.md",
    "Obsidian Vault/全栈聊天/15重置密码功能.md",
    "Obsidian Vault/cpp网络编程/5异步读写的demo.md",
    "Obsidian Vault/cpp网络编程/6伪闭包.md",
    "Obsidian Vault/全栈聊天/13配置mysql.md",
    "Obsidian Vault/全栈聊天/14注册界面完善.md",
    "Obsidian Vault/全栈聊天/12多服务验证码派发功能.md",
    "Obsidian Vault/全栈聊天/11封装redis操作类.md",
    "Obsidian Vault/全栈聊天/7windows配置和编译grpc.md",
    "Obsidian Vault/全栈聊天/9nodejs实现邮箱验证服务.md",
    "Obsidian Vault/全栈聊天/10redis配置和使用.md",
    "Obsidian Vault/2025-07/7.17.md",
    "Obsidian Vault/cpp网络编程/1socket.md",
    "Obsidian Vault/全栈聊天/3http管理类.md",
    "Obsidian Vault/全栈聊天/2qss及内存泄漏.md",
    "Obsidian Vault/全栈聊天/1架构概述及界面.md",
    "Obsidian Vault/2025-05/2025-05-24.md",
    "Obsidian Vault/2025-07",
    "未命名",
    "Obsidian Vault/Untitled.canvas"
  ]
}