{
  "main": {
    "id": "eb3a4b4772bca57c",
    "type": "split",
    "children": [
      {
        "id": "29ee5236b41ddc4a",
        "type": "tabs",
        "children": [
          {
            "id": "e1a434147442ebfc",
            "type": "leaf",
            "state": {
              "type": "markdown",
              "state": {
                "file": "Obsidian Vault/61b/6 lec16-17 adt,bst Ⅰ.md",
                "mode": "source",
                "source": false
              },
              "icon": "lucide-file",
              "title": "6 lec16-17 adt,bst Ⅰ"
            }
          }
        ]
      }
    ],
    "direction": "vertical"
  },
  "left": {
    "id": "053e390aaec1ee5d",
    "type": "split",
    "children": [
      {
        "id": "466d791e1d42daa9",
        "type": "tabs",
        "children": [
          {
            "id": "c094f8a61618589c",
            "type": "leaf",
            "state": {
              "type": "file-explorer",
              "state": {
                "sortOrder": "alphabetical",
                "autoReveal": false
              },
              "icon": "lucide-folder-closed",
              "title": "文件列表"
            }
          },
          {
            "id": "763733d719847cba",
            "type": "leaf",
            "state": {
              "type": "search",
              "state": {
                "query": "",
                "matchingCase": false,
                "explainSearch": false,
                "collapseAll": false,
                "extraContext": false,
                "sortOrder": "alphabetical"
              },
              "icon": "lucide-search",
              "title": "搜索"
            }
          },
          {
            "id": "8a6a063434e65a50",
            "type": "leaf",
            "state": {
              "type": "bookmarks",
              "state": {},
              "icon": "lucide-bookmark",
              "title": "书签"
            }
          }
        ]
      }
    ],
    "direction": "horizontal",
    "width": 200,
    "collapsed": true
  },
  "right": {
    "id": "218a3523cda22828",
    "type": "split",
    "children": [
      {
        "id": "8f75a32d7909a1a5",
        "type": "tabs",
        "children": [
          {
            "id": "8b65b5dfcd5041db",
            "type": "leaf",
            "state": {
              "type": "backlink",
              "state": {
                "file": "Obsidian Vault/2025-07/7.17.md",
                "collapseAll": false,
                "extraContext": false,
                "sortOrder": "alphabetical",
                "showSearch": false,
                "searchQuery": "",
                "backlinkCollapsed": false,
                "unlinkedCollapsed": true
              },
              "icon": "links-coming-in",
              "title": "7.17 的反向链接列表"
            }
          },
          {
            "id": "6c3613e6cb6a393a",
            "type": "leaf",
            "state": {
              "type": "outgoing-link",
              "state": {
                "file": "Obsidian Vault/全栈聊天/5beast实现http get请求处理.md",
                "linksCollapsed": false,
                "unlinkedCollapsed": true
              },
              "icon": "links-going-out",
              "title": "5beast实现http get请求处理 的出链列表"
            }
          },
          {
            "id": "19f75c4fec2f7759",
            "type": "leaf",
            "state": {
              "type": "tag",
              "state": {
                "sortOrder": "frequency",
                "useHierarchy": true,
                "showSearch": false,
                "searchQuery": ""
              },
              "icon": "lucide-tags",
              "title": "标签"
            }
          },
          {
            "id": "0c8fe85a14cfa58b",
            "type": "leaf",
            "state": {
              "type": "outline",
              "state": {
                "file": "Obsidian Vault/61b/c inheritance lec 8 9 10 11.md",
                "followCursor": false,
                "showSearch": false,
                "searchQuery": ""
              },
              "icon": "lucide-list",
              "title": "c inheritance lec 8 9 10 11 的大纲"
            }
          }
        ],
        "currentTab": 3
      }
    ],
    "direction": "horizontal",
    "width": 300,
    "collapsed": true
  },
  "left-ribbon": {
    "hiddenItems": {
      "bases:创建新数据库": false,
      "switcher:打开快速切换": false,
      "graph:查看关系图谱": false,
      "canvas:新建白板": false,
      "daily-notes:打开/创建今天的日记": false,
      "templates:插入模板": false,
      "command-palette:打开命令面板": false
    }
  },
  "active": "e1a434147442ebfc",
  "lastOpenFiles": [
    "Obsidian Vault/pic/Pasted image 20251007214520.png",
    "Obsidian Vault/pic/Pasted image 20250518124859.png",
    "Obsidian Vault/pic/Pasted image 20250723220953.png",
    "Obsidian Vault/61b/6 lec16-17 adt,bst Ⅰ.md",
    "Obsidian Vault/pic/Pasted image 20251007214417.png",
    "Obsidian Vault/61b/important testing.md",
    "Obsidian Vault/61b/KMP.md",
    "Obsidian Vault/pic/Pasted image 20251007171841.png",
    "Obsidian Vault/pic/Pasted image 20251007165326.png",
    "Obsidian Vault/61b/5 lec14-15 disjoint sets&asymptoticsⅡ.md",
    "Obsidian Vault/pic/Pasted image 20251007165055.png",
    "Obsidian Vault/pic/Pasted image 20251007163914.png",
    "Obsidian Vault/pic/Pasted image 20251007160640.png",
    "Obsidian Vault/pic/Pasted image 20251007155635.png",
    "Obsidian Vault/pic/Pasted image 20251007155601.png",
    "Obsidian Vault/61b/4 lec12 asymptotics analysis.md",
    "Obsidian Vault/61b/未命名.base",
    "Obsidian Vault/61b/3c inheritance lec 8 9 10 11.md",
    "Obsidian Vault/cpp网络编程/6伪闭包.md",
    "Obsidian Vault/cpp网络编程/8粘包问题.md",
    "Obsidian Vault/61b/2b 初步lec4567.md",
    "Obsidian Vault/61b/1a 入门 lec123.md",
    "Obsidian Vault/Untitled.canvas",
    "iuim deBug日志.md",
    "Obsidian Vault/2025-04/2025-04-23.md",
    "Obsidian Vault/2025-04/2025-04-24.md",
    "Obsidian Vault/2025-04/2025-04-22.md",
    "Obsidian Vault/2025-04/2025-04-20.md",
    "Obsidian Vault/2025-04/2025-04-21.md",
    "Obsidian Vault/2025-04/2025-04-18.md",
    "Obsidian Vault/2025-04/2025-04-19.md",
    "Obsidian Vault/2025-04/2025-04-30.md",
    "Obsidian Vault/2025-04/2025-04-29.md",
    "Obsidian Vault/2025-04/2025-04-28.md",
    "Obsidian Vault/2025-04/2025-04-27.md",
    "Obsidian Vault/2025-04/2025-04-26.md",
    "Obsidian Vault/2025-04/2025-04-25.md",
    "Obsidian Vault/2025-04/2025-04-17.md",
    "Obsidian Vault/2025-04/未命名 1.base",
    "Obsidian Vault/2025-04/未命名.base",
    "Obsidian Vault/全栈聊天/未命名.base",
    "Obsidian Vault/全栈聊天/未命名 1.base",
    "Obsidian Vault/61b",
    "Obsidian Vault/pic",
    "Obsidian Vault/2025-07"
  ]
}